{"cameraMode":{"drawMode":0,"name":"Shaded","section":"Shading Mode"},"sceneLighting":false,"audioPlay":false,"sceneViewState":{"m_AlwaysRefresh":false,"showFog":false,"showSkybox":false,"showFlares":false,"showImageEffects":true,"showParticleSystems":true,"showVisualEffectGraphs":true,"m_FxEnabled":true},"in2DMode":false,"pivot":{"x":1.9617218971252442,"y":0.2774020731449127,"z":-3.180203914642334},"rotation":{"x":0.2620793581008911,"y":0.21769605576992036,"z":-0.060811303555965427,"w":0.9382040500640869},"size":1.0079243183135987,"orthographic":false}