{"cameraMode":{"drawMode":0,"name":"Shaded","section":"Shading Mode"},"sceneLighting":true,"audioPlay":false,"sceneViewState":{"m_AlwaysRefresh":false,"showFog":false,"showSkybox":false,"showFlares":false,"showImageEffects":true,"showParticleSystems":true,"showVisualEffectGraphs":true,"m_FxEnabled":true},"in2DMode":false,"pivot":{"x":1.2332031726837159,"y":-3.9788713455200197,"z":-0.10045075416564942},"rotation":{"x":0.6197108030319214,"y":0.005886071361601353,"z":-0.004647938534617424,"w":0.7847914695739746},"size":7.802312850952148,"orthographic":false}