{"cameraMode":{"drawMode":0,"name":"Shaded","section":"Shading Mode"},"sceneLighting":true,"audioPlay":false,"sceneViewState":{"m_AlwaysRefresh":false,"showFog":false,"showSkybox":false,"showFlares":false,"showImageEffects":true,"showParticleSystems":true,"showVisualEffectGraphs":true,"m_FxEnabled":true},"in2DMode":false,"pivot":{"x":0.14851871132850648,"y":-11.374377250671387,"z":-0.4451400637626648},"rotation":{"x":-0.4923149645328522,"y":0.5076016187667847,"z":-0.49349769949913027,"w":-0.5063865780830383},"size":11.355666160583496,"orthographic":false}