{"cameraMode":{"drawMode":0,"name":"Shaded","section":"Shading Mode"},"sceneLighting":false,"audioPlay":false,"sceneViewState":{"m_AlwaysRefresh":false,"showFog":false,"showSkybox":false,"showFlares":false,"showImageEffects":true,"showParticleSystems":true,"showVisualEffectGraphs":true,"m_FxEnabled":true},"in2DMode":false,"pivot":{"x":0.8890479803085327,"y":0.2824152708053589,"z":-0.7633967399597168},"rotation":{"x":0.7070998549461365,"y":-0.0031823597382754089,"z":0.003181273117661476,"w":0.7070997357368469},"size":6.310063362121582,"orthographic":false}