{"cameraMode":{"drawMode":0,"name":"Shaded","section":"Shading Mode"},"sceneLighting":true,"audioPlay":false,"sceneViewState":{"m_AlwaysRefresh":false,"showFog":false,"showSkybox":false,"showFlares":false,"showImageEffects":true,"showParticleSystems":true,"showVisualEffectGraphs":true,"m_FxEnabled":true},"in2DMode":false,"pivot":{"x":0.8890479803085327,"y":0.2824152708053589,"z":-0.7633967399597168},"rotation":{"x":0.7102779746055603,"y":-0.002111748093739152,"z":0.0021308374125510456,"w":0.703914225101471},"size":5.693641185760498,"orthographic":false}